epoch,elapsed_seconds,lr,best_val,improved,epochs_without_improvement,train_cost,train_log_move,train_model_move,train_move,train_router_balance,train_router_boundary,train_router_entropy,train_samples,train_sync_move,train_total,val_cost,val_log_move,val_model_move,val_move,val_router_balance,val_router_boundary,val_router_entropy,val_samples,val_sync_move,val_total,gap_cost,gap_log_move,gap_model_move,gap_move,gap_router_balance,gap_router_boundary,gap_router_entropy,gap_sync_move,gap_total
1,28.77214413229376,0.0005,1.0235033963108435,1,0,1.1377762881399687,0.46690510537155205,0.5064578857054585,1.2053565861278912,0.044474275886642545,0.22674864810733197,0.8435495165304019,2048.0,0.23199359505088069,1.243045651979628,0.5441896983722916,0.3867986273544375,0.44548220647266135,1.005949728860287,0.06403411417704774,0.015965666946613055,0.4279771345827612,512.0,0.17366889503318816,1.0235033963108435,-0.5935865897676771,-0.08010647801711457,-0.06097567923279712,-0.1994068572676042,0.019559838290405196,-0.21078298116071892,-0.4155723819476407,-0.05832470001769252,-0.2195422556687845
2,21.34089302783832,0.0005,0.9895999669097364,1,0,0.6121667352782867,0.44774160366068827,0.46408547700411873,1.133113386500554,0.05891018280544813,0.04019095896649105,0.4426697914614124,2048.0,0.22128630583574704,1.1529120680497726,0.5760309987229846,0.373044972831849,0.43080259798443876,0.9710484509996604,0.06361003178608371,0.025820347656463127,0.37628027840219147,512.0,0.16720088018337265,0.9895999669097364,-0.03613573655530211,-0.07469663082883926,-0.03328287901967997,-0.16206493550089363,0.004699848980635579,-0.014370611310027925,-0.06638951305922092,-0.0540854256523744,-0.16331210114003625
3,21.315607326105237,0.0005,0.9426380773074925,1,0,0.5870133424533919,0.4480335145854042,0.4397218796075322,1.1020762341395312,0.05964717244114581,0.039800789105072454,0.3941507924769212,2048.0,0.2143208399465948,1.1210752623883309,0.47372650047661224,0.36549562998698093,0.3968531779537443,0.9270999977306928,0.0648014992766548,0.032342915859999266,0.354837078073615,512.0,0.1647511897899676,0.9426380773074925,-0.11328684197677963,-0.08253788459842326,-0.042868701653787866,-0.1749762364088383,0.005154326835508982,-0.007457873245073188,-0.03931371440330622,-0.049569650156627176,-0.1784371850808384
4,21.279724881984293,0.0005,0.9227756631444208,1,0,0.5572448373882162,0.438970082133892,0.4257748787931632,1.076998543454465,0.06050916822186991,0.03921039465521403,0.3623589105186511,2048.0,0.2122535825274099,1.0950754417281132,0.46124292264767297,0.36219531085225753,0.3870962413493544,0.9077725635725074,0.06541519129677908,0.017778066396431313,0.3338830658576626,512.0,0.15848101137089543,0.9227756631444208,-0.0960019147405432,-0.07677477128163446,-0.03867863744380884,-0.16922597988195776,0.0049060230749091716,-0.021432328258782718,-0.028475844660988514,-0.05377257115651446,-0.1722997785836924
5,21.21469115978107,0.0005,0.9074237073073164,1,0,0.5379721160544719,0.4349199832067825,0.4194120042011491,1.05713083743467,0.06128878264371451,0.0351344701535794,0.3374981085305535,2048.0,0.20279885002673836,1.0745717297540978,0.4533433665239128,0.35311163001460955,0.384275650489144,0.8927627852681326,0.06750013639248209,0.009398174119610303,0.29164076580127585,512.0,0.155375504764379,0.9074237073073164,-0.0846287495305591,-0.08180835319217294,-0.035136353712005075,-0.16436805216653738,0.0062113537487675785,-0.025736296033969097,-0.04585734272927766,-0.04742334526235936,-0.1671480224467814
6,21.227991906926036,0.0005,0.8828998517710716,1,0,0.5254954942056413,0.4256038469320629,0.4135703762876801,1.0449567707255483,0.061971907055522024,0.030854109318568135,0.33820706674589474,2048.0,0.20578254750580527,1.0619881032616831,0.4043975147134278,0.344526090164436,0.37341567894327454,0.8695915721982601,0.06644201878225431,0.01794724768001288,0.3324642985835453,512.0,0.15164980309054954,0.8828998517710716,-0.12109797949221357,-0.08107775676762685,-0.04015469734440558,-0.17536519852728816,0.004470111726732284,-0.012906861638555256,-0.005742768162349421,-0.05413274441525573,-0.17908825149061158
7,21.32165819965303,0.0005,0.8746666405932046,1,0,0.5213059683892585,0.42483501694368897,0.4085965778431273,1.039453381248677,0.06316482930287748,0.028406993732371433,0.3128991553844571,2048.0,0.20602178646186076,1.056321175332414,0.4052659402124874,0.349431864276994,0.36032116232672706,0.8611987044350826,0.0665969126712298,0.03230932243798179,0.3208942452110932,512.0,0.15144567783136154,0.8746666405932046,-0.11604002817677106,-0.07540315266669495,-0.048275415516400244,-0.17825467681359441,0.0034320833683523233,0.0039023287056103584,0.007995089826636104,-0.05457610863049922,-0.18165453473920934
8,21.310072474181652,0.0005,0.8527601358364336,1,0,0.5044595880351765,0.42697202429553727,0.41051550791598856,1.0423216115523246,0.06274890541590139,0.030026597419119838,0.31892135964881163,2048.0,0.20483407934079878,1.0587020769744413,0.42134207737206,0.33185613731620833,0.35810521178063937,0.8390099381358596,0.06726609944598749,0.01424669505769316,0.2948098174383631,512.0,0.14904858903901186,0.8527601358364336,-0.08311751066311657,-0.09511588697932893,-0.0524102961353492,-0.20331167341646506,0.004517194030086102,-0.01577990236142668,-0.024111542210448533,-0.05578549030178692,-0.20594194113800768
9,21.312762528192252,0.0005,0.8428251636796631,1,0,0.4766733407603937,0.41072329202870606,0.39859336736117257,1.0048285286720784,0.0628519108868204,0.03440371013032717,0.3056413451845401,2048.0,0.19551186928219977,1.0204069257742958,0.37353720742801055,0.3327237977646291,0.3555749164952431,0.8305109647626523,0.06785533068978111,0.016475029102025474,0.26477747367243865,512.0,0.14221225050278008,0.8428251636796631,-0.10313613333238314,-0.07799949426407693,-0.04301845086592948,-0.1743175639094261,0.005003419802960707,-0.017928681028301696,-0.04086387151210147,-0.05329961877941969,-0.17758176209463272
10,21.253260725177824,0.0005,0.8428251636796631,0,1,0.49371957764763374,0.42049954837420955,0.39713207804743433,1.0075592669263642,0.06336843941943471,0.030400301026148213,0.2757677254126065,2048.0,0.18992764050472033,1.0235843097034376,0.31635811188638385,0.3349781611759681,0.3473765153903514,0.8392161422598292,0.06614007612733985,0.023310923505675873,0.25883941418942413,512.0,0.15686146569350967,0.8498602319741622,-0.1773614657612499,-0.08552138719824143,-0.04975556265708292,-0.168343124666535,0.002771636707905145,-0.00708937752047234,-0.01692831122318239,-0.03306617481121066,-0.17372407772927545
11,21.282526841852814,0.0005,0.8215653549705166,1,0,0.4726405636027682,0.4173696089128498,0.3960902335602441,1.0041432551952312,0.0639972601993577,0.02634240408422528,0.2570057520451883,2048.0,0.1906834127221373,1.0194828753301408,0.3458452392647091,0.33040446252562106,0.3428369515459053,0.8099948937524459,0.0658356544408889,0.02716203946670248,0.2651233793149004,512.0,0.13675347968091955,0.8215653549705166,-0.12679532433805907,-0.08696514638722874,-0.053253282014338765,-0.19414836144278524,0.001838394241531205,0.0008196353824772018,0.008117627269712102,-0.05392993304121774,-0.19791752035962418
12,21.327918335795403,0.0005,0.8030368694744539,1,0,0.45949454034129655,0.41183245954016456,0.38882712864142377,0.9903670233743469,0.06266553019349885,0.03764796830709827,0.2591872162229265,2048.0,0.18970743519275857,1.0054141825603438,0.31022331376194145,0.32264775538351387,0.33408605662407354,0.7925981796506676,0.06595706893494935,0.02369863022914842,0.23543791867996333,512.0,0.13586436764308019,0.8030368694744539,-0.1492712265793551,-0.0891847041566507,-0.054741072017350234,-0.1977688437236793,0.003291538741450495,-0.013949338077949847,-0.023749297542963177,-0.05384306754967838,-0.2023773130858899
13,21.296014847699553,0.0005,0.8030368694744539,0,1,0.45975327296456153,0.4113558040262433,0.38541812762559857,0.9777013363336664,0.0631739309878867,0.031296709841672765,0.2570924823207861,2048.0,0.18092740468182456,0.9926957360730739,0.3011425108083454,0.3238481860316824,0.3293568107765168,0.7959566326753702,0.06368584107985953,0.03236565577969941,0.26290701586549403,512.0,0.142751635867171,0.8062143293791451,-0.1586107621562161,-0.08750761799456086,-0.05606131684908178,-0.1817447036582962,0.0005119100919728226,0.0010689459380266442,0.005814533544707956,-0.038175768814653566,-0.18648140669392888
14,21.28671906888485,0.0005,0.7809960253944155,1,0,0.46319656286423133,0.41074095665680943,0.38459271462488687,0.9842893850036489,0.06215181904963174,0.03536324614311326,0.2650175564085657,2048.0,0.18895571372195263,0.9994254510384053,0.3262208162184912,0.31969611850217916,0.3215080165246036,0.7700957691631629,0.06436280562047614,0.02115058319856189,0.25850688533319044,512.0,0.12889163413638016,0.7809960253944155,-0.13697574664574014,-0.09104483815463027,-0.06308469810028328,-0.21419361584048602,0.0022109865708443976,-0.014212662944551369,-0.006510671075375285,-0.06006407958557247,-0.21842942564398982
15,21.259537474252284,0.0005,0.7747765507374424,1,0,0.4392158609516386,0.4093548598466441,0.38061295413353946,0.9738995831121429,0.06232971838016965,0.02761006577237346,0.2754557228486192,2048.0,0.1839317691319593,0.9882509121889598,0.3108817733224265,0.320430646504974,0.31629310932476074,0.7642857019818621,0.06381343889370328,0.026706178453025586,0.25920382409822196,512.0,0.12756194615212735,0.7747765507374424,-0.1283340876292121,-0.08892421334167011,-0.06431984480877873,-0.2096138811302808,0.0014837205135336262,-0.0009038873193478736,-0.01625189875039723,-0.05636982297983195,-0.21347436145151732
16,21.37518857466057,0.0005,0.7638309509202372,1,0,0.44057187290668104,0.4087364758961485,0.3813169112545438,0.9730717066686339,0.06254546852983367,0.028048309676764305,0.26341159167986916,2048.0,0.18301831951794156,0.9874582115880912,0.28525180867108535,0.3162059186724946,0.309261794493068,0.7541151169280056,0.06323866128514055,0.02873470850921933,0.23855078758788295,512.0,0.128647403762443,0.7638309509202372,-0.1553200642355957,-0.09253055722365389,-0.0720551167614758,-0.21895658974062826,0.0006931927553068817,0.0006863988324550263,-0.02486080409198621,-0.05437091575549857,-0.223627260667854
17,21.322374176699668,0.0005,0.7638309509202372,0,1,0.4435680483215551,0.4007270089350641,0.37757637223694474,0.9594512826097343,0.06282869771166588,0.027851665171410467,0.23841729616424345,2048.0,0.18114790143772552,0.9739035450184019,0.28013353521072304,0.31635381950763986,0.3075921993004158,0.7547042511432664,0.06434350788549636,0.017410407650700677,0.24560955066954193,512.0,0.13075823233521078,0.764171408751281,-0.16343451311083207,-0.08437318942742422,-0.06998417293652892,-0.2047470314664679,0.0015148101738304831,-0.01044125752070979,0.007192254505298479,-0.050389669102514745,-0.20973213626712095
18,21.417136502917856,0.0005,0.7559185198042542,1,0,0.4411536011828663,0.4023735948285321,0.3780360531018232,0.9591291151728001,0.06191223288044512,0.03266053464542473,0.2479147914831401,2048.0,0.1787194672424448,0.9735573633297463,0.30642643990445606,0.3111003256053664,0.311389841575874,0.7453755955502857,0.05992824546046904,0.04762292057878881,0.27462113478031824,512.0,0.12288542836904526,0.7559185198042542,-0.13472716127841022,-0.0912732692231657,-0.06664621152594918,-0.21375351962251443,-0.0019839874199760743,0.014962385933364075,0.026706343297178137,-0.05583403887339955,-0.21763884352549212
19,21.61781703028828,0.0005,0.7559185198042542,0,1,0.4360250048642592,0.4018528574160882,0.37405416987166973,0.9532896529271966,0.060972539743147536,0.04308378746648911,0.24062051965483988,2048.0,0.17738262563943863,0.9676515886167181,0.3132924902047325,0.3153869995439891,0.3095552735030651,0.754654895132262,0.060015585108885716,0.0483937030757744,0.25342380579240853,512.0,0.12971262208520784,0.7653911919624079,-0.12273251465952673,-0.08646585787209915,-0.06449889636860462,-0.19863475779493456,-0.0009569546342618196,0.005309915609285287,0.012803286137568648,-0.04767000355423079,-0.20226039665431017
20,21.502444982994348,0.0005,0.7559185198042542,0,2,0.4226545514209632,0.39348304441955406,0.37091585151210893,0.9431087040175044,0.060604545705132296,0.04207503301756699,0.24815170682904863,2048.0,0.17870980808584136,0.9570632867398672,0.2954196223293961,0.3226114200660959,0.30594251496950164,0.7516422058979515,0.06059583095338894,0.035941991496066805,0.25572836166611523,512.0,0.12308827086235397,0.7617259041289799,-0.12723492909156708,-0.07087162435345817,-0.06497333654260729,-0.19146649811955285,-8.71475174335501e-06,-0.006133041521500182,0.007576654837066599,-0.055621537223487394,-0.1953373826108873
21,21.52590687200427,0.0005,0.751280888915062,1,0,0.42198691061428817,0.39939842419698834,0.36776201499742456,0.9436764168367517,0.06250918523869586,0.027669835480526928,0.22573490591935297,2048.0,0.17651597764233884,0.9574635482713347,0.3336660769777975,0.3213929678022396,0.2893169658491388,0.7401261331906426,0.06227186298201559,0.02888615811249906,0.23319586289289873,512.0,0.1294161995392642,0.751280888915062,-0.08832083363649068,-0.07800545639474876,-0.07844504914828576,-0.20355028364610916,-0.0002373222566802724,0.0012163226319721332,0.007460956973545763,-0.04709977810307464,-0.20618265935627278
22,21.61166792176664,0.0005,0.7384511017007753,1,0,0.4326456050625624,0.4047382747012307,0.3688231947016902,0.954026020506717,0.062354252648674446,0.026686297317304764,0.22257666313657865,2048.0,0.1804645511037961,0.9681183702705312,0.2685393166839525,0.31799353257520124,0.28472487346152775,0.7292900481916149,0.06309352965763537,0.0259846876079024,0.21408985955349635,512.0,0.12657164215488592,0.7384511017007753,-0.1641062883786099,-0.08674474212602945,-0.08409832124016248,-0.22473597231510212,0.0007392770089609257,-0.0007016097094023621,-0.008486803583082292,-0.05389290894891019,-0.22966726856975583
23,21.610057254787534,0.0005,0.7384511017007753,0,1,0.4154166083592326,0.39198571375891333,0.36680364863423165,0.9359731935774107,0.06225731475149132,0.02615671673958353,0.21936170044978098,2048.0,0.17718383118426573,0.9495391917444067,0.3057236941031576,0.3212790320685599,0.2910826900333632,0.7383489609892422,0.06198984012371511,0.028621610149905052,0.23454014338130946,512.0,0.1259872388873191,0.748661327350419,-0.10969291425607502,-0.07070668169035343,-0.07572095860086847,-0.19762423258816852,-0.00026747462777620967,0.0024648934103215225,0.01517844293152848,-0.05119659229694662,-0.2008778643939877
24,21.499485009815544,0.0005,0.7285741147352383,1,0,0.43275829695715334,0.40124203378218226,0.36531149834627286,0.9467021286727686,0.060996024789460535,0.034092885145156515,0.22588029992408565,2048.0,0.18014859654431348,0.9608616434124997,0.27147094674317884,0.31175173723022453,0.2809766126447357,0.7191716054658173,0.060071593758038944,0.0421432989463284,0.2362351897991175,512.0,0.126443255590857,0.7285741147352383,-0.1612873502139745,-0.08949029655195773,-0.08433488570153713,-0.22753052320695133,-0.0009244310314215909,0.008050413801171885,0.010354889875031859,-0.05370534095345647,-0.23228752867726143
25,21.455148707609624,0.0005,0.7285741147352383,0,1,0.4195919748964919,0.39835073280119104,0.36023239503992954,0.9385150083508051,0.06050904697247006,0.039680516525415044,0.22993935542365307,2048.0,0.17993188050968456,0.9523346028508968,0.31338578301963094,0.3203821482602507,0.2765215584950056,0.7271025266309152,0.058315788954132586,0.05615165831369495,0.24510001214730437,512.0,0.13019881987565896,0.737893870100379,-0.10620619187686098,-0.07796858454094036,-0.08371083654492395,-0.2114124817198899,-0.002193258018337474,0.01647114178827991,0.0151606567236513,-0.049733060634025605,-0.21444073275051778
26,21.517263586167246,0.0005,0.7285741147352383,0,2,0.4203028138646265,0.3942404487825115,0.3589605832385132,0.9303254976584867,0.06252379544343967,0.027527066066539874,0.2043549440858783,2048.0,0.17712446563746198,0.9440394443881814,0.273708484593002,0.32038431052933447,0.2717825166764669,0.7207499120049761,0.061324448412051424,0.029700168870817834,0.2320497055670785,512.0,0.12858308479917469,0.7301034628471825,-0.14659432927162447,-0.07385613825317705,-0.0871780665620463,-0.20957558565351064,-0.0011993470313882426,0.00217310280427796,0.027694761481200203,-0.048541380838287296,-0.2139359815409989
27,21.876841968856752,0.0005,0.7081981183437165,1,0,0.4224295822505442,0.4003037516740733,0.35992467477626633,0.9411007284243169,0.061549102487333585,0.028285702733425566,0.22507548566272817,2048.0,0.1808723019739773,0.9548970398100209,0.2895060743869706,0.30517329336726107,0.26572090422268957,0.6984013190376572,0.0624535545357503,0.02658694139310569,0.22120815212656453,512.0,0.1275071214477066,0.7081981183437165,-0.1329235078635736,-0.09513045830681222,-0.09420377055357676,-0.24269940938665968,0.0009044520484167151,-0.0016987613403198765,-0.003867333536163642,-0.053365180526270706,-0.24669892146630445
28,21.608155145775527,0.0005,0.7081981183437165,0,1,0.42512785715292145,0.39727139172464376,0.35957644568406977,0.9313123581086984,0.06267350289908791,0.0206194529978605,0.20787271507663263,2048.0,0.17446452069998486,0.9451069913993706,0.2954132235551139,0.31264423578977585,0.26867522444808856,0.7095250943420979,0.061577078773552785,0.03438194498686897,0.22326066188907134,512.0,0.12820563410423347,0.719570344343083,-0.12971463359780755,-0.08462715593486791,-0.09090122123598121,-0.22178726376660052,-0.0010964241255351226,0.013762491989008474,0.015387946812438713,-0.04625888659575139,-0.22553664705628762
29,21.307874428108335,0.0005,0.7081981183437165,0,2,0.4169282795890987,0.3902521862182766,0.3543737976724515,0.916637057650405,0.06118969555484455,0.029177367893335138,0.2132627971338934,2048.0,0.17201107375967695,0.930261838278966,0.2746647409583911,0.31432093353942037,0.26356139115523547,0.704255465312599,0.0604471529914008,0.034979078211179626,0.22441720016286126,512.0,0.12637314061794314,0.713674085913226,-0.14226353863070762,-0.07593125267885625,-0.090812406517216,-0.21238159233780607,-0.0007425425634437488,0.005801710317844488,0.011154403028967863,-0.04563793314173381,-0.21658775236574002
30,21.549046827014536,0.00025,0.7081981183437165,0,3,0.4239381711489709,0.39265078197058756,0.3557847422416671,0.9264704114930282,0.06100279531835895,0.03456314634590907,0.21740081132486466,2048.0,0.17803488728077355,0.9403616155323107,0.31054861955529844,0.3240180527209304,0.26167105746571906,0.7113123110138986,0.060150327801238745,0.03930289653541763,0.23767965176011785,512.0,0.1256232008272491,0.7218609825649764,-0.11338955159367248,-0.06863272924965713,-0.09411368477594806,-0.21515810047912964,-0.0008524675171202034,0.0047397501895085625,0.020278840435253187,-0.05241168645352445,-0.21850063296733424
31,21.50546454358846,0.00025,0.7081981183437165,0,4,0.40692043551267654,0.38756577018648386,0.3510036427396699,0.914974048942895,0.06137067478425706,0.030453744277455286,0.21634915569723034,2048.0,0.17640463601674128,0.9283162555511808,0.2684648843866464,0.3141782048624009,0.2600810354342684,0.7005102436123707,0.061458196432795376,0.029879477297001245,0.21907125765392266,512.0,0.12625100331570138,0.7096966349636205,-0.13845555112603014,-0.07338756532408297,-0.09092260730540147,-0.21446380533052434,8.752164853831346e-05,-0.0005742669804540412,0.0027221019566923133,-0.050153632701039896,-0.21861962058756035
32,21.587686211336404,0.00025,0.7081981183437165,0,5,0.39133655366244197,0.37597921636916,0.3479208674252732,0.8960144463517281,0.061178926665206745,0.03318280708350052,0.21012875848032309,2048.0,0.17211436255729495,0.9089082901919028,0.27662855677223064,0.31601248623337597,0.2551634831179399,0.6992644370293419,0.060317778392345645,0.03698849646446689,0.2252518622772186,512.0,0.12808846767802606,0.7087616033386439,-0.11470799689021133,-0.05996673013578402,-0.09275738430733327,-0.19675000932238618,-0.0008611482728611008,0.0038056893809663705,0.01512310379689552,-0.04402589487926889,-0.20014668685325887
33,21.676912671886384,0.000125,0.7081981183437165,0,6,0.4097970224419962,0.3883777433511568,0.3495372351098922,0.9132562900394987,0.06182204642391298,0.025460446781465862,0.2032747279238265,2048.0,0.17534131157844968,0.9266262994060526,0.2520538425413057,0.3148980007972568,0.25401700122165494,0.699317414953839,0.06165880983462557,0.030919787846784175,0.21283195064643223,512.0,0.13040241293492727,0.7080176457238849,-0.15774317990069048,-0.0734797425539,-0.09552023388823727,-0.21393887508565967,-0.0001632365892874077,0.005459341065318313,0.00955722272260573,-0.04493889864352241,-0.21860865368216764
